Rank,Symbol,Name,Price,24h Change,24h Volume,Market Cap,Chain,Contract Address
1,KOMA,Koma Inu,$0.0066,-7.92%,61.25K,4.00M,BSC,0xd5eaaac47bd1993d661bc087e15dfb079a7f3c19
2,PTB,Portal To Bitcoin,$0.0008,-11.75%,89.61K,4.90M,BSC,0x95c9b514566fbd224dc2037f5914eb8ab91c9201
3,TAKE,OVERTAKE,$0.0208,-15.70%,200.18K,5.76M,BSC,0xe747e54783ba3f77a8e5251a3cba19ebe9c0e197
4,LIGHT,Bitlight Labs,$0.1362,-9.63%,89.65K,5.87M,BSC,0x477c2c0459004e3354ba427fa285d7c053203c0e
5,BULLA,BULLA,$0.0063,-7.95%,102.52K,6.31M,BSC,0x595e21b20e78674f8a64c1566a20b2b316bc3511
6,龙虾,龙虾,$0.0067,-8.22%,325.93K,6.67M,BSC,0xeccbb861c0dda7efd964010085488b69317e4444
7,AVAAI,AVA AI,$0.0071,-10.22%,293.61K,7.11M,Solana,DKu9kykSfbN5LBfFXtNNDPaX35o4Fv6vJ9FKk7pZpump
8,FIGHT,FIGHT,$0.0036,-10.66%,660.14K,7.45M,BSC,0xb2d97c4ed2d0ef452654f5cab3da3735b5e6f3ab
9,AKE,AKE,$0.0003,-4.85%,688.50K,7.49M,BSC,0x2c3a8ee94ddd97244a93bc48298f97d2c412f7db
10,PUMPBTC,pumpBTC Governance Token,$0.0160,-1.34%,17.57K,7.88M,BSC,0xb7c0007ab75350c582d5eab1862b872b5cf53f0c
11,TRADOOR,Tradoor,$0.5940,-12.44%,1.82M,8.52M,BSC,0x9123400446a56176eb1b6be9ee5cf703e409f492
12,EVAA,EVAA,$0.4785,-14.78%,2.50M,8.54M,BSC,0xaa036928c9c0df07d525b55ea8ee690bb5a628c1
13,我踏马来了,我踏马来了,$0.0087,-9.05%,294.32K,8.70M,BSC,0xc51a9250795c0186a6fb4a7d20a90330651e4444
14,4,4,$0.0099,-7.97%,478.49K,9.93M,BSC,0x0a43fc31a73013089df59194872ecae4cae14444
15,BTR,BTR token,$0.0274,-8.93%,567.68K,10.60M,BSC,0xfed13d0c40790220fbde712987079eda1ed75c51
16,GRIFFAIN,test griffain.com,$0.0107,-9.38%,413.03K,10.65M,Solana,KENJSUYLASHUMfHyy5o4Hp2FdNqZg1AsUPhfH2kYvEP
17,CLO,Yei Finance,$0.0850,-26.43%,3.64M,10.97M,BSC,0x81d3a238b02827f62b9f390f947d36d4a5bf89d2
18,AIA,DeAgentAI,$0.0587,5.42%,3.24M,11.09M,BSC,0x53ec33cd4fa46b9eced9ca3f6db626c5ffcd55cc
19,TRUST,Intuition,$0.0650,-7.13%,19.39K,11.68M,Base,0x6cd905df2ed214b22e0d48ff17cd4200c1c6d8a3
20,LYN,Everlyn AI,$0.0491,-4.11%,2.31M,12.55M,BSC,0x302dfaf2cdbe51a18d97186a7384e87cf599877d
21,FHE,Mind Network,$0.0245,-5.54%,363.33K,12.85M,BSC,0xd55c9fb62e176a8eb6968f32958fefdd0962727e
22,BLESS,Bless,$0.0056,-10.70%,613.18K,12.87M,BSC,0x7c8217517ed4711fe2deccdfeffe8d906b9ae11f
23,US,Talus Network,$0.0052,-0.09%,822.26K,14.79M,Sui,0xee962a61432231c2ede6946515beb02290cb516ad087bb06a731e922b2a5f57a::us::US
24,ARIA,AriaAI,$0.0461,-12.12%,454.54K,15.28M,BSC,0x5d3a12c42e5372b2cc3264ab3cdcf660a1555238
25,STBL,STBL,$0.0311,-11.54%,2.40M,15.54M,BSC,0x8dedf84656fa932157e27c060d8613824e7979e3
26,PROMPT,Wayfinder,$0.0325,-7.17%,6.46K,15.79M,Ethereum,0x28d38df637db75533bd3f71426f3410a82041544
27,TA,Trusta.AI,$0.0521,1.38%,187.45K,16.34M,BSC,0x539ae81a166e5e80aed211731563e549c411b140
28,RECALL,Recall,$0.0656,9.63%,948.15K,16.56M,Base,0x1f16e03c1a5908818f47f6ee7bb16690b40d0671
29,BASED,Based,$0.0710,-10.57%,6.20M,16.67M,BSC,0x1d28d989f9e3ccb8b15d0cec601734514f958e4d
30,ON,Orochi Network,$0.1185,-10.21%,896.47K,17.10M,BSC,0x0e4f6209ed984b21edea43ace6e09559ed051d48
31,IN,INFINIT,$0.0566,-8.99%,533.93K,18.24M,BSC,0x61fac5f038515572d6f42d4bcb6b581642753d50
32,WET,Humidifi,$0.0799,-7.86%,95.64K,18.39M,Solana,WETZjtprkDMCcUxPi9PfWnowMRZkiGGHDb9rABuRZ2U
33,BLUAI,Bluwhale,$0.0152,16.32%,433.39K,18.65M,BSC,0xed9ae3def8d6f052971bb8b6d1975ff267cf9aad
34,ACU,Acurast,$0.0870,-10.86%,779.45K,18.88M,BSC,0x6ef2ffb38d64afe18ce782da280b300e358cfeaf
35,GOAT,Goatseus Maximus,$0.0195,-8.78%,347.64K,19.51M,Solana,CzLSujWBLFsSjncfkh59rUFqvafWcY5tzedWJSuypump
36,FOLKS,Folks Finance,$1.3876,-4.21%,1.31M,20.06M,BSC,0xff7f8f301f7a706e3cfd3d2275f5dc0b9ee8009b
37,DOOD,Doodles,$0.0027,-8.02%,114.98K,21.17M,BSC,0x722294f6c97102fb0ddb5b907c8d16bdeab3f6d9
38,INX,Infinex,$0.0107,-8.70%,935.91K,21.28M,BSC,0x45f55b46689402583073ff227b6ac20520052a24
39,CLANKER,tokenbot,$22.1445,-5.79%,785.45K,21.84M,Base,0x1bc0c42215582d5a085795f4badbac3ff36d1bcb
40,POWER,Power Protocol,$0.0783,-4.48%,1.68M,21.90M,BSC,0x9dc44ae5be187eca9e2a67e33f27a4c91cea1223
41,FLOCK,FLock.io,$0.0618,-0.75%,343.15K,22.31M,Base,0x5ab3d4c385b400f3abb49e80de2faf6a88a7b691
42,AIOT,OKZOO,$0.0791,-7.18%,1.67M,23.18M,BSC,0x55ad16bd573b3365f43a9daeb0cc66a73821b4a5
43,XAN,Anoma,$0.0093,-11.62%,875.54K,23.25M,BSC,0x7427bd9542e64d1ac207a540cfce194b7390a07f
44,AIO,OLAXBT,$0.1020,-17.92%,81.76K,23.50M,BSC,0x81a7da4074b8e0ed51bea40f9dcbdf4d9d4832b4
45,XNY,Codatta XNY,$0.0088,-7.08%,971.28K,24.83M,BSC,0xe3225e11cab122f1a126a28997788e5230838ab9
46,IDOL,MEET48 Token,$0.0244,-4.33%,1.95M,25.54M,BSC,0x3b4de3c7855c03bb9f50ea252cd2c9fa1125ab07
47,HANA,Hana Network,$0.0369,1.76%,820.85K,26.28M,BSC,0x6261963ebe9ff014aad10ecc3b0238d4d04e8353
48,AGT,Alaya Governance Token,$0.0105,-8.12%,1.30M,26.90M,BSC,0x5dbde81fce337ff4bcaaee4ca3466c00aecae274
49,ZEREBRO,zerebro,$0.0271,-1.73%,2.59M,27.12M,Solana,8x5VqbHA8D7NkD52uNuS5nnt3PwA8pLD34ymskeSo2Wn
50,ORDER,Orderly Network,$0.0522,-7.54%,23.63K,27.83M,BSC,0x4e200fe2f3efb977d5fd9c430a41531fb04d97b8
51,AIN,Infinity Ground,$0.0826,-11.11%,47.13K,28.30M,BSC,0x9558a9254890b2a8b057a789f413631b9084f4a3
52,XPIN,XPIN Network,$0.0013,-13.88%,1.26M,29.59M,BSC,0xd955c9ba56fb1ab30e34766e252a97ccce3d31a6
53,STAR,Starpower Network,$0.1715,-16.72%,9.13M,31.91M,BSC,0x8fce7206e3043dd360f115afa956ee31b90b787c
54,COLLECT,Collect on Fanable,$0.0618,-3.57%,7.95M,33.17M,BSC,0x4b3d30992f003c8167699735f5ab2831b2a087d3
55,APR,aPriori,$0.1381,-5.84%,528.29K,34.10M,BSC,0x299ad4299da5b2b93fba4c96967b040c7f611099
56,SPACE,Spacecoin,$0.0068,-10.77%,1.25M,34.14M,BSC,0x87acfa3fd7a6e0d48677d070644d76905c2bdc00
57,CARV,CARV,$0.0548,-10.89%,113.25K,34.24M,BSC,0xc08cd26474722ce93f4d0c34d16201461c10aa8c
58,BR,Bedrock,$0.1346,1.45%,43.93K,35.17M,BSC,0xff7d6a96ae471bbcd7713af9cb1feeb16cf56b41
59,TRUTH,Swarm Network,$0.0173,-15.49%,3.42M,36.11M,Sui,0x0a48f85a3905cfa49a652bdb074d9e9fabad27892d54afaa5c9e0adeb7ac3cdf::swarm_network_token::SWARM_NETWORK_TOKEN
60,BIRB,Moonbirds,$0.1278,-3.66%,320.41K,36.44M,Solana,G7vQWurMkMMm2dU3iZpXYFTHT9Biio4F4gZCrwFpKNwG
61,PRL,Perle,$0.1997,-14.95%,929.18K,36.99M,BSC,0xd20fb09a49a8e75fef536a2dbc68222900287bac
62,MERL,Merlin Chain,$0.0308,-15.56%,221.12K,38.09M,BSC,0xa0c56a8c0692bd10b3fa8f8ba79cf5332b7107f9
63,CROSS,CROSS Protocol,$0.0955,-3.51%,1.17M,39.26M,BSC,0x6bf62ca91e397b5a7d1d6bce97d9092065d7a510
64,SQD,Subsquid,$0.0377,-10.82%,317.16K,39.48M,BSC,0xe50e3d1a46070444f44df911359033f2937fcc13
65,NAORIS,Naoris Protocol,$0.0328,-43.85%,397.66K,41.36M,BSC,0x1b379a79c91a540b2bcd612b4d713f31de1b80cc
66,JCT,Janction,$0.0036,-21.87%,3.04M,41.63M,BSC,0xea37a8de1de2d9d10772eeb569e28bfa5cb17707
67,B2,BSquared Network,$0.6185,2.79%,2.15M,45.87M,BSC,0x783c3f003f172c6ac5ac700218a357d2d66ee2a2
68,OPG,OpenGradient,$0.2416,-11.09%,14.55M,45.90M,BSC,0x5feccd17c393caf1001d18164236a37e731fcb9d
69,MEW,cat in a dogs world,$0.0006,-8.50%,238.91K,49.61M,Solana,MEW1gQWJ3nEXg2qgERiKu7FAFj79PHvQVREQUzScPP5
70,VELVET,Velvet,$0.1164,11.85%,53.03K,50.24M,BSC,0x8b194370825e37b33373e74a41009161808c1488
71,MAGMA,Magma Finance,$0.2075,-0.44%,476.76K,50.44M,Sui,0x9f854b3ad20f8161ec0886f15f4a1752bf75d22261556f14cc8d3a1c5d50e529::magma::MAGMA
72,MOODENG,Moo Deng,$0.0523,-8.26%,256.57K,51.81M,Solana,ED5nyyWEzpPPiWimP8vYm7sD7TD3LAt3Q3gRTWHzPJBY
73,KGEN,KGeN,$0.2459,3.30%,717.28K,55.97M,BSC,0xf3d5b4c34ed623478cc5141861776e6cf7ae3a1e
74,MYX,MYX Finance,$0.1890,-11.99%,744.46K,56.21M,BSC,0xd82544bf0dfe8385ef8fa34d67e6e4940cc63e16
75,POPCAT,Popcat,$0.0577,-7.74%,255.28K,56.51M,Solana,7GCihgDB8fe6KNjn2MYtkzZcRjQy3t9GHdC8uHYmW2hr
76,USELESS,USELESS COIN,$0.0570,-11.68%,61.39K,56.95M,BSC,0xba38b3c706f7a515ff7c8db04daa0a134ec46d2b
77,BAS,BNB Attestation,$0.0253,-5.81%,3.61M,63.19M,BSC,0x0f0df6cb17ee5e883eddfef9153fc6036bdb4e37
78,ZORA,Zora,$0.0112,-9.75%,552.14K,63.50M,Base,0x1111111111166b7fe7bd91427724b487980afc69
79,PLAY,PlaysOut,$0.0871,-20.22%,4.88M,64.66M,Base,0x853a7c99227499dba9db8c3a02aa691afdebf841
80,ELSA,HeyElsa,$0.0654,-5.47%,313.70K,65.43M,Base,0x29cc30f9d113b356ce408667aa6433589cecbdca
81,ALCH,Alchemist AI,$0.0805,-3.24%,163.42K,68.47M,Solana,HNg5PYJmtqcmzXrv6S9zP1CDKk5BgDuyFBxbvNApump
82,UAI,UnifAI Network,$0.2260,-6.95%,879.75K,70.09M,BSC,0x3e5d4f8aee0d9b3082d5f6da5d6e225d17ba9ea0
83,ZETA,Zeta,$0.0505,-7.81%,4.66K,71.32M,Ethereum,0xf091867ec603a6628ed83d274e835539d82e9cc8
84,GRASS,Grass,$0.3003,-10.09%,24.76K,73.24M,Solana,Grass7B4RdKfBCjTKgSqnXkqjwiGvQyFbuSCUJr3XXjs
85,TOSHI,Toshi,$0.0002,-6.98%,65.54K,73.96M,BSC,0x6a2608dabe09bc1128eec7275b92dfb939d5db3f
86,BSB,Block Street,$0.3740,-9.04%,4.11M,77.69M,BSC,0x595deaad1eb5476ff1e649fdb7efc36f1e4679cc
87,COAI,ChainOpera AI,$0.3034,-4.29%,1.58M,78.07M,BSC,0x0a8d6c86e1bce73fe4d0bd531e1a567306836ea5
88,SOON,SOON,$0.1603,-7.20%,1.17M,78.33M,BSC,0xb9e1fd5a02d3a33b25a14d661414e6ed6954a721
89,ICNT,Impossible Cloud Network,$0.3131,-10.48%,117.84K,79.22M,Base,0xe0cd4cacddcbf4f36e845407ce53e87717b6601d
90,SKR,Seeker,$0.0149,-6.55%,279.12K,79.88M,Solana,SKRbvo6Gf7GondiT3BbTfuRDPqLWei4j2Qy2NPGZhW3
91,CYS,Cysic,$0.5102,2.97%,5.42M,82.03M,BSC,0x0c69199c1562233640e0db5ce2c399a88eb507c7
92,Q,Quack AI,$0.0220,-1.21%,3.44M,86.51M,BSC,0xc07e1300dc138601fa6b0b59f8d0fa477e690589
93,TAIKO,Taiko Token,$0.1134,4.17%,15.52,95.03M,BSC,0x30c60b20c25b2810ca524810467a0c342294fc61
94,TAC,TAC,$0.0222,2.64%,1.13M,101.83M,BSC,0x1219c409fabe2c27bd0d1a565daeed9bd9f271de
95,TRIA,Tria,$0.0476,-0.28%,13.08M,102.81M,BSC,0xb0b92de23baa85fb06208277e925ced53edab482
96,PHAROS,Pharos,$0.7598,-3.95%,4.16M,103.03M,Base,0x8b7dde054be9d180c1be7fae0874697374a49832
97,SAFE,Safe Token,$0.1383,-5.66%,27.06K,112.16M,Ethereum,0x5afe3855358e112b5647b952709e6165e1c1eeee
98,FLUID,Fluid,$1.5556,-9.01%,85.86K,121.25M,Ethereum,0x6f40d4a6237c257fff2db00fa0510deeecd303eb
99,TAG,Tagger,$0.0011,-8.48%,1.55M,123.78M,BSC,0x208bf3e7da9639f1eaefa2de78c23396b0682025
100,IRYS,Irys,$0.0518,-19.74%,20.18M,132.85M,BSC,0x91152b4ef635403efbae860edd0f8c321d7c035d
101,RAVE,RaveDAO,$0.5483,-15.33%,6.15M,138.77M,BSC,0x97693439ea2f0ecdeb9135881e49f354656a911c
102,GENIUS,Genius,$0.4589,-11.15%,2.99M,153.92M,BSC,0x1f12b85aac097e43aa1555b2881e98a51090e9a6
103,BEAT,Audiera,$0.6189,0.07%,3.53M,165.11M,BSC,0xcf3232b85b43bca90e51d38cc06cc8bb8c8a3e36
104,IP,Story,$0.4953,-4.75%,361.59K,175.51M,BSC,0x4d6394bc3031f751edce368c189b0e060b527107
105,PIEVERSE,Pieverse,$0.8877,-7.13%,6.49M,239.45M,BSC,0x0e63b9c287e32a05e6b9ab8ee8df88a2760225a9
106,GWEI,ETHGas,$0.1541,-2.39%,22.88K,269.69M,BSC,0x30117e4bc17d7b044194b76a38365c53b72f7d49
107,SKYAI,SKYAI,$0.2746,-25.71%,11.42M,274.60M,BSC,0x92aa03137385f18539301349dcfc9ebc923ffb10
108,SPX,SPX6900,$0.3688,-11.75%,1.08M,343.35M,Ethereum,0xe0f63a424a4439cbe457d80e4f4b51ad25b2c56c
109,GUA,SUPERFORTUNE,$1.4389,13.58%,378.82K,349.13M,BSC,0xa5c8e1513b6a08334b479fe4d71f1253259469be
110,B,BUILDon,$0.3584,-21.86%,12.43M,358.35M,BSC,0x6bdcce4a559076e37755a78ce0c06214e59e4444
111,SIREN,SIREN,$0.4944,-5.98%,3.19M,359.32M,BSC,0x997a58129890bbda032231a52ed1ddc845fc18e1
112,BILL,Billions Network,$0.1483,-32.33%,24.37M,360.06M,BSC,0xdf24f8c21cb404b3031a450d8e049d6e39fc1fa5
113,RIVER,River,$7.1845,-6.32%,4.53M,367.04M,BSC,0xda7ad9dea9397cffddae2f8a052b82f1484252b3
114,ESPORTS,Yooldo,$0.6977,-2.82%,2.07M,382.96M,BSC,0xf39e4b21c84e737df08e2c3b32541d856f508e48
115,AERO,Aerodrome,$0.4260,-7.75%,7.52M,399.40M,Base,0x940181a94a35a4569e4529a3cdfb74e38fd98631
116,EDGE,edgeX,$1.2066,-10.60%,1.26M,422.30M,BSC,0x70f2eadf1ca1969ff42b0c78e9da519e8937cbaf
117,VVV,Venice Token,$12.9086,-10.30%,6.54M,595.48M,Base,0xacfe6019ed1a7dc6f7b508c02d1b04ec88cc21bf
118,H,Humanity Protocol,$0.2190,-12.13%,5.26M,597.21M,BSC,0x44f161ae29361e332dea039dfa2f404e0bc5b5cc
119,UB,Unibase,$0.2004,-14.14%,25.93M,688.97M,BSC,0x40b8129b786d766267a7a118cf8c07e31cdb6fde
120,STABLE,Stable,$0.0312,-18.20%,4.00M,707.86M,BSC,0x011ebe7d75e2c9d1e0bd0be0bef5c36f0a90075f
121,LAB,LAB,$4.7798,16.57%,3.26M,2.03B,BSC,0x7ec43cf65f1663f820427c62a5780b8f2e25593a
122,M,MemeCore,$3.1398,-3.55%,41.44K,6.66B,BSC,0x22b1458e780f8fa71e2f84502cee8b5a3cc731fa
